{
  "stats": {
    "suites": 4,
    "tests": 6,
    "passes": 6,
    "pending": 0,
    "failures": 0,
    "start": "2023-03-13T09:15:40.452Z",
    "end": "2023-03-13T09:15:41.507Z",
    "duration": 1055
  },
  "tests": [
    {
      "title": "is set as Scuber",
      "fullTitle": "index.js companyName is set as Scuber",
      "duration": 2,
      "currentRetry": 0,
      "err": {}
    },
    {
      "title": "is defined as a const",
      "fullTitle": "index.js companyName is defined as a const",
      "duration": 0,
      "currentRetry": 0,
      "err": {}
    },
    {
      "title": "is declared as equal to Chelsea",
      "fullTitle": "index.js mostProfitableNeighborhood is declared as equal to Chelsea",
      "duration": 0,
      "currentRetry": 0,
      "err": {}
    },
    {
      "title": "is defined using let",
      "fullTitle": "index.js mostProfitableNeighborhood is defined using let",
      "duration": 1,
      "currentRetry": 0,
      "err": {}
    },
    {
      "title": "is declared as equal to Susan Smith",
      "fullTitle": "index.js companyCeo is declared as equal to Susan Smith",
      "duration": 1,
      "currentRetry": 0,
      "err": {}
    },
    {
      "title": "is defined using let",
      "fullTitle": "index.js companyCeo is defined using let",
      "duration": 0,
      "currentRetry": 0,
      "err": {}
    }
  ],
  "pending": [],
  "failures": [],
  "passes": [
    {
      "title": "is set as Scuber",
      "fullTitle": "index.js companyName is set as Scuber",
      "duration": 2,
      "currentRetry": 0,
      "err": {}
    },
    {
      "title": "is defined as a const",
      "fullTitle": "index.js companyName is defined as a const",
      "duration": 0,
      "currentRetry": 0,
      "err": {}
    },
    {
      "title": "is declared as equal to Chelsea",
      "fullTitle": "index.js mostProfitableNeighborhood is declared as equal to Chelsea",
      "duration": 0,
      "currentRetry": 0,
      "err": {}
    },
    {
      "title": "is defined using let",
      "fullTitle": "index.js mostProfitableNeighborhood is defined using let",
      "duration": 1,
      "currentRetry": 0,
      "err": {}
    },
    {
      "title": "is declared as equal to Susan Smith",
      "fullTitle": "index.js companyCeo is declared as equal to Susan Smith",
      "duration": 1,
      "currentRetry": 0,
      "err": {}
    },
    {
      "title": "is defined using let",
      "fullTitle": "index.js companyCeo is defined using let",
      "duration": 0,
      "currentRetry": 0,
      "err": {}
    }
  ]
}